{
  "architecture": "amd64",
  "debian_mirror": "http://deb.debian.org/debian",
  "debian_security_mirror": "http://deb.debian.org/debian-security",
  "debian_distribution": "jessie",
  "vyos_mirror": "http://dev.packages.vyos.net/repositories/crux",
  "vyos_branch": "crux",
  "kernel_version": "4.19.32",
  "kernel_flavor": "amd64-vyos",
  "additional_repositories": [
    "deb http://repo.saltstack.com/apt/debian/8/amd64/2017.7 jessie main",
    "deb http://repo.powerdns.com/debian jessie-rec-41 main",
    "deb http://archive.debian.org/debian/ jessie-backports main"
  ],
  "custom_packages": []
}
